{"loss.bbox": 0.027748990323274367, "loss.trans": 0.0273591335862875, "loss.size": 0.020087308130196987, "loss.angle": 0.03982629717117356, "loss.class": 0.01030781222206931, "loss.object": 0.022083926735626112, "loss.objfeat": 0.020598222741917256, "loss.liou": 0.029948222661210645, "loss.bbox_iou": 0.1710143978557279, "gradnorm": 0.1786134279062671, "lr": 0.0001999999999999999, "loss": 0.08860324803859956, "epoch": 664, "_timestamp": 1698309875.541777, "_runtime": 11565.80723786354, "_step": 729, "val_loss.bbox": 0.023889189586043358, "val_loss.trans": 0.022991259582340717, "val_loss.size": 0.018064772244542837, "val_loss.angle": 0.033972710371017456, "val_loss.class": 0.009580968879163265, "val_loss.object": 0.030942492187023163, "val_loss.objfeat": 0.01807609060779214, "val_loss.liou": 0.02583946008235216, "val_loss.bbox_iou": 0.16011112928390503, "val_loss": 0.07738571055233479, "val_epoch": 661}