{"loss.bbox": 0.06311886553322116, "loss.trans": 0.050932887581086925, "loss.size": 0.05448337968799376, "loss.angle": 0.09435106020781302, "loss.class": 0.05378235035365628, "loss.object": 0.08704362112668253, "loss.objfeat": 0.06120150896810716, "loss.liou": 0.02767285890877247, "loss.bbox_iou": 0.13649096291872762, "gradnorm": 1.210621214682056, "lr": 0.0001999999999999999, "loss": 0.20577558490537828, "epoch": 11, "_timestamp": 1698289560.6399956, "_runtime": 207.29185152053833, "_step": 10, "_wandb": {"runtime": 206}}