{"loss.bbox": 0.09132502876943158, "loss.trans": 0.08246429324630768, "loss.size": 0.07613098104634593, "loss.angle": 0.12740719943277298, "loss.class": 0.19153995451427275, "loss.object": 0.26890089627235164, "loss.objfeat": 0.5669026768976643, "loss.liou": 0.031188917316256032, "loss.bbox_iou": 0.13992500185005127, "gradnorm": 2.6037239413107596, "lr": 0.0001999999999999999, "loss": 0.8809565747937849, "epoch": 4, "_timestamp": 1698288536.5379536, "_runtime": 95.44039964675903, "_step": 3}