{"loss.bbox": 0.05353875770684211, "loss.trans": 0.047229095332084164, "loss.size": 0.03539814403460872, "loss.angle": 0.09021416835246547, "loss.class": 0.04166304788762523, "loss.object": 0.06622559637311966, "loss.objfeat": 0.04179588242644264, "loss.liou": 0.028605313310700077, "loss.bbox_iou": 0.1572544423322524, "gradnorm": 1.2393957837935416, "lr": 0.0001999999999999999, "loss": 0.16560300391527913, "epoch": 15, "_timestamp": 1698288957.936807, "_runtime": 273.2619240283966, "_step": 15, "val_loss.bbox": 0.06748726963996887, "val_loss.trans": 0.057231487706303596, "val_loss.size": 0.04045142978429794, "val_loss.angle": 0.1234247013926506, "val_loss.class": 0.0523906908929348, "val_loss.object": 0.08358676359057426, "val_loss.objfeat": 0.042043041437864304, "val_loss.liou": 0.03180055972188711, "val_loss.bbox_iou": 0.1988190859556198, "val_loss": 0.19372157007455826, "val_epoch": 11}