{"loss.bbox": 0.04493891952499267, "loss.trans": 0.046115817081543706, "loss.size": 0.032028653388542515, "loss.angle": 0.0625389700214709, "loss.class": 0.02836399074764021, "loss.object": 0.045855409916370146, "loss.objfeat": 0.03494472248900321, "loss.liou": 0.02870252830607276, "loss.bbox_iou": 0.1586685094141191, "gradnorm": 0.7219835106403597, "lr": 0.0001999999999999999, "loss": 0.13695016190890344, "epoch": 36, "_timestamp": 1698286795.9959526, "_runtime": 666.062709569931, "_step": 38, "val_loss.bbox": 0.04708254151046276, "val_loss.trans": 0.04487944021821022, "val_loss.size": 0.029437492601573467, "val_loss.angle": 0.07685476914048195, "val_loss.class": 0.03034131694585085, "val_loss.object": 0.05736376717686653, "val_loss.objfeat": 0.030526153277605772, "val_loss.liou": 0.02889497857540846, "val_loss.bbox_iou": 0.16410642862319946, "val_loss": 0.13684499636292458, "val_epoch": 31}