{"loss.bbox": 0.09920453520551804, "loss.trans": 0.08878127677786735, "loss.size": 0.08731720728739616, "loss.angle": 0.1326704034882207, "loss.class": 0.4278001948710411, "loss.object": 0.43042548625699933, "loss.objfeat": 0.8032665925641214, "loss.liou": 0.03024153555593183, "loss.bbox_iou": 0.13172435207713035, "gradnorm": 2.338527029560458, "lr": 0.0001999999999999999, "loss": 1.3605128372869184, "epoch": 3, "_timestamp": 1698298028.4544559, "_runtime": 117.26814794540405, "_step": 2}